Aegerter	Christof Aegerter	UZH	https://www.physik.uzh.ch/groups/aegerter/team/aegerter.html
Ahrens	Christian Ahrens	Agroscope	https://www.agroscope.admin.ch/agroscope/de/home/ueber-uns/standorte-kontakte/waedenswil.html
Anisimova	Maria Anisimova	ZHAW	https://www.zhaw.ch/fileadmin/php_includes/popup/person-detail.php?kurzz=anis
Baubec	Tuncay Baubec	UZH	https://www.baubeclab.org
Baudis	Michael Baudis	UZH	https://www.imls.uzh.ch/research/baudis.html
Beerenwinkel	Niko Beerenwinkel	ETHZ	https://www.cbg.ethz.ch
Bodenmiller	Bernd Bodenmiller	UZH	https://www.imls.uzh.ch/research/bodenmiller.html
Buehlmann	Peter Buehlmann	ETHZ	https://www.math.ethz.ch/sfs/the-institute/people.html?u=peterbu
Buhmann	Joachim M. Buhmann	ETHZ	https://www.ise.inf.ethz.ch
Caflisch	Amedeo Caflisch	UZH	https://www.biochem-caflisch.uzh.ch
Ciaudo	Constance Ciaudo	ETHZ	https://www.mhs.biol.ethz.ch/research/ciaudo/
Claassen	Manfred Claassen	ETHZ	https://www.imsb.ethz.ch/research/claassen.html
Hahnloser	Richard Hahnloser	INI	https://www.ini.uzh.ch/en/institute/people?uname=rich
Held	Leonhard Held	UZH	https://www.ebpi.uzh.ch/en/aboutus/departments/biostatistics/teambiostats/held.html
Koumoutsakos	Petros Koumoutsakos	ETHZ	https://www.cse-lab.ethz.ch/
Pelkmans	Lucas Pelkmans	UZH	https://www.pelkmanslab.org
Raetsch	Gunnar Raetsch	ETHZ	https://bmi.inf.ethz.ch
Rehrauer	Hubert Rehrauer	FGCZ	https://www.fgcz.ethz.ch/people/hrehrauer
Robinson	Mark Robinson	UZH	https://www.imls.uzh.ch/research/robinson.html
Schlapbach	Ralph Schlapbach	FGCZ	https://www.fgcz.uzh.ch
Shimizu	Kentaro K. Shimizu	UZH	https://www.ieu.uzh.ch/staff/professors/shimizu.html
Stelling	Joerg Stelling	ETHZ	https://www.csb.ethz.ch
Stoop	Ruedi Stoop	INI	https://stoop.ini.uzh.ch/
Mering	Christian von Mering	UZH	https://www.imls.uzh.ch/research/vonmering.html
Wagner	Andreas Wagner	UZH	https://www.bioc.uzh.ch/wagner
